Product Name,Inspired By,Description,Price,Volume (ml),Gender,Category,Tags,Ingredients
AVANA - Amirato Al3arab,Amirato Al3arab,"Découvrez le parfum irrésistible Amirato Al3arab, une fragrance de luxe inspirée de l’original, disponible dans notre collection AVANA 50ml. Élégance, caractère et longue tenue.",99,50ml,Unisexe,Parfum,"Amirato, Al3arab","Alcohol Denat., Fragrance (Parfum), Essential Oils, Aqua (Water)"
AVANA - COCO CHANEL,COCO CHANEL,"Découvrez le parfum irrésistible COCO CHANEL, une fragrance de luxe inspirée de l’original, disponible dans notre collection AVANA 50ml. Élégance, caractère et longue tenue.",99,50ml,Unisexe,Parfum,"COCO, CHANEL","Alcohol Denat., Fragrance (Parfum), Essential Oils, Aqua (Water)"
AVANA - Gucci Bloom,Gucci Bloom,"Découvrez le parfum irrésistible Gucci Bloom, une fragrance de luxe inspirée de l’original, disponible dans notre collection AVANA 50ml. Élégance, caractère et longue tenue.",99,50ml,Femme,Parfum,"Gucci, Bloom","Alcohol Denat., Fragrance (Parfum), Essential Oils, Aqua (Water)"
AVANA - Gucci Guilty Homme,Gucci Guilty Homme,"Découvrez le parfum irrésistible Gucci Guilty Homme, une fragrance de luxe inspirée de l’original, disponible dans notre collection AVANA 50ml. Élégance, caractère et longue tenue.",99,50ml,Homme,Parfum,"Gucci, Guilty, Homme","Alcohol Denat., Fragrance (Parfum), Essential Oils, Aqua (Water)"
AVANA - Hugo Hugo Boss,Hugo Hugo Boss,"Découvrez le parfum irrésistible Hugo Hugo Boss, une fragrance de luxe inspirée de l’original, disponible dans notre collection AVANA 50ml. Élégance, caractère et longue tenue.",99,50ml,Homme,Parfum,"Hugo, Hugo, Boss","Alcohol Denat., Fragrance (Parfum), Essential Oils, Aqua (Water)"
AVANA - J’adore Dior,J’adore Dior,"Découvrez le parfum irrésistible J’adore Dior, une fragrance de luxe inspirée de l’original, disponible dans notre collection AVANA 50ml. Élégance, caractère et longue tenue.",99,50ml,Femme,Parfum,"J’adore, Dior","Alcohol Denat., Fragrance (Parfum), Essential Oils, Aqua (Water)"
AVANA - Light Blue Dolce & Gabbana,Light Blue Dolce & Gabbana,"Découvrez le parfum irrésistible Light Blue Dolce & Gabbana, une fragrance de luxe inspirée de l’original, disponible dans notre collection AVANA 50ml. Élégance, caractère et longue tenue.",99,50ml,Unisexe,Parfum,"Light, Blue, Dolce, &, Gabbana","Alcohol Denat., Fragrance (Parfum), Essential Oils, Aqua (Water)"
AVANA - Miss Dior,Miss Dior,"Découvrez le parfum irrésistible Miss Dior, une fragrance de luxe inspirée de l’original, disponible dans notre collection AVANA 50ml. Élégance, caractère et longue tenue.",99,50ml,Femme,Parfum,"Miss, Dior","Alcohol Denat., Fragrance (Parfum), Essential Oils, Aqua (Water)"
AVANA - Météore Louis Vuitton,Météore Louis Vuitton,"Découvrez le parfum irrésistible Météore Louis Vuitton, une fragrance de luxe inspirée de l’original, disponible dans notre collection AVANA 50ml. Élégance, caractère et longue tenue.",99,50ml,Homme,Parfum,"Météore, Louis, Vuitton","Alcohol Denat., Fragrance (Parfum), Essential Oils, Aqua (Water)"
AVANA - One Million Paco Rabanne,One Million Paco Rabanne,"Découvrez le parfum irrésistible One Million Paco Rabanne, une fragrance de luxe inspirée de l’original, disponible dans notre collection AVANA 50ml. Élégance, caractère et longue tenue.",99,50ml,Unisexe,Parfum,"One, Million, Paco, Rabanne","Alcohol Denat., Fragrance (Parfum), Essential Oils, Aqua (Water)"
AVANA - Sauvage Dior,Sauvage Dior,"Découvrez le parfum irrésistible Sauvage Dior, une fragrance de luxe inspirée de l’original, disponible dans notre collection AVANA 50ml. Élégance, caractère et longue tenue.",99,50ml,Homme,Parfum,"Sauvage, Dior","Alcohol Denat., Fragrance (Parfum), Essential Oils, Aqua (Water)"
AVANA - The One for Men Dolce & Gabbana,The One for Men Dolce & Gabbana,"Découvrez le parfum irrésistible The One for Men Dolce & Gabbana, une fragrance de luxe inspirée de l’original, disponible dans notre collection AVANA 50ml. Élégance, caractère et longue tenue.",99,50ml,Homme,Parfum,"The, One, for, Men, Dolce, &, Gabbana","Alcohol Denat., Fragrance (Parfum), Essential Oils, Aqua (Water)"
AVANA - Yara Lattafa Perfumes,Yara Lattafa Perfumes,"Découvrez le parfum irrésistible Yara Lattafa Perfumes, une fragrance de luxe inspirée de l’original, disponible dans notre collection AVANA 50ml. Élégance, caractère et longue tenue.",99,50ml,Unisexe,Parfum,"Yara, Lattafa, Perfumes","Alcohol Denat., Fragrance (Parfum), Essential Oils, Aqua (Water)"
AVANA - Zara,Zara,"Découvrez le parfum irrésistible Zara, une fragrance de luxe inspirée de l’original, disponible dans notre collection AVANA 50ml. Élégance, caractère et longue tenue.",99,50ml,Unisexe,Parfum,Zara,"Alcohol Denat., Fragrance (Parfum), Essential Oils, Aqua (Water)"
AVANA - Zara Oud,Zara Oud,"Découvrez le parfum irrésistible Zara Oud, une fragrance de luxe inspirée de l’original, disponible dans notre collection AVANA 50ml. Élégance, caractère et longue tenue.",99,50ml,Unisexe,Parfum,"Zara, Oud","Alcohol Denat., Fragrance (Parfum), Essential Oils, Aqua (Water)"
